ph,Hardness,Solids,Chloramines,Sulfate,Conductivity,Organic_carbon,Trihalomethanes,Turbidity,Potability
8.316765884,204.8904555,20791.31898,7.300211873,368.5164413,564.3086542,10.37978308,86.99097046,2.963135381,0
3.716080075,129.4229205,18630.05786,6.635245884,404.0416347,592.8853591,15.18001312,56.32907628,4.500656275,0
8.099124189,224.2362594,19909.54173,9.275883603,310.1357375,418.6062131,16.86863693,66.42009251,3.05593375,0
8.316765884,214.3733941,22018.41744,8.059332377,356.8861356,363.2665162,18.4365245,100.3416744,4.628770537,0
9.092223456,181.1015092,17978.98634,6.546599974,310.1357375,398.4108134,11.55827944,31.99799273,4.075075425,0
5.584086638,188.3133238,28748.68774,7.544868789,326.6783629,280.4679159,8.39973464,54.91786184,2.559708228,0
10.22386216,248.0717353,28749.71654,7.513408466,393.6633955,283.6516335,13.78969532,84.60355617,2.672988737,0
11.18028447,227.2314692,25484.50849,9.077200017,404.0416347,563.8854815,17.92780641,71.97660103,4.370561937,0
7.360640106,165.5207973,32452.61441,7.550700907,326.6243535,425.3834195,15.58681044,78.74001566,3.662291783,0
